video,frames,frames_with_faces,detections,changed
assets/videos/gallery/analemma-2-t__table__insight9.mp4,240,124,124,True
assets/videos/gallery/analemma-2-t__table__insta360-x5.mp4,240,168,204,True
assets/videos/gallery/analemma-2-t__tablecloth__insight9.mp4,240,208,348,True
assets/videos/gallery/analemma-2-t__tablecloth__insta360-x5.mp4,241,233,361,True
assets/videos/gallery/analemma-2-t__apriltag-2__insta360-x5.mp4,240,176,332,True
assets/videos/gallery/analemma-2-t__apriltag-4__insta360-x5.mp4,240,212,316,True
assets/videos/gallery/analemma-2-t__aruco-2__insta360-x5.mp4,240,216,356,True
assets/videos/gallery/analemma-2-t__aruco-4__insight9.mp4,240,192,272,True
assets/videos/gallery/analemma-2-t__aruco-4__insta360-x5.mp4,240,204,324,True
assets/videos/gallery/circular-2-t__table__insight9.mp4,240,152,228,True
assets/videos/gallery/circular-2-t__table__insta360-x5.mp4,241,217,329,True
assets/videos/gallery/circular-2-t__tablecloth__insight9.mp4,240,216,348,True
assets/videos/gallery/circular-2-t__tablecloth__insta360-x5.mp4,240,224,392,True
assets/videos/gallery/circular-2-t__apriltag-2__insta360-x5.mp4,241,225,346,True
assets/videos/gallery/circular-2-t__apriltag-4__insta360-x5.mp4,241,213,337,True
assets/videos/gallery/circular-2-t__aruco-2__insta360-x5.mp4,241,201,297,True
assets/videos/gallery/circular-2-t__aruco-4__insight9.mp4,240,176,264,True
assets/videos/gallery/circular-2-t__aruco-4__insta360-x5.mp4,240,196,260,True
assets/videos/gallery/zigzag-2-t__table__insight9.mp4,240,136,172,True
assets/videos/gallery/zigzag-2-t__table__insta360-x5.mp4,240,204,316,True
assets/videos/gallery/zigzag-2-t__tablecloth__insight9.mp4,240,116,124,True
assets/videos/gallery/zigzag-2-t__tablecloth__insta360-x5.mp4,240,224,376,True
assets/videos/gallery/zigzag-2-t__apriltag-2__insight9.mp4,240,124,148,True
assets/videos/gallery/zigzag-2-t__apriltag-2__insta360-x5.mp4,241,209,297,True
assets/videos/gallery/zigzag-2-t__apriltag-4__insta360-x5.mp4,240,144,172,True
assets/videos/gallery/zigzag-2-t__aruco-2__insight9.mp4,240,140,152,True
assets/videos/gallery/zigzag-2-t__aruco-2__insta360-x5.mp4,240,224,384,True
assets/videos/gallery/zigzag-2-t__aruco-4__insight9.mp4,240,160,204,True
assets/videos/gallery/zigzag-2-t__aruco-4__insta360-x5.mp4,241,193,253,True
assets/videos/gallery/bookshelf01-2__table__insight9.mp4,240,24,40,True
assets/videos/gallery/bookshelf01-2__table__insta360-x5.mp4,241,241,394,True
assets/videos/gallery/bookshelf01-2__apriltag-2__insta360-x5.mp4,240,220,336,True
assets/videos/gallery/bookshelf01-2__apriltag-4__insta360-x5.mp4,241,124,140,True
assets/videos/gallery/bookshelf01-2__aruco-2__insta360-x5.mp4,240,224,396,True
assets/videos/gallery/bookshelf01-2__aruco-4__insight9.mp4,240,224,244,True
assets/videos/gallery/bookshelf01-2__aruco-4__insta360-x5.mp4,240,140,168,True
assets/videos/gallery/bookshelf02-2__table__insight9.mp4,241,236,548,True
assets/videos/gallery/bookshelf02-2__table__insta360-x5.mp4,240,144,256,True
assets/videos/gallery/bookshelf02-2__tablecloth__insta360-x5.mp4,240,180,224,True
assets/videos/gallery/bookshelf02-2__apriltag-2__insta360-x5.mp4,241,164,236,True
assets/videos/gallery/bookshelf02-2__apriltag-4__insta360-x5.mp4,241,197,221,True
assets/videos/gallery/bookshelf02-2__aruco-2__insta360-x5.mp4,240,188,240,True
assets/videos/gallery/bookshelf02-2__aruco-4__insight9.mp4,240,208,388,True
assets/videos/gallery/bookshelf02-2__aruco-4__insta360-x5.mp4,240,160,192,True
assets/videos/gallery/box01__table__insta360-x5.mp4,241,217,446,True
assets/videos/gallery/box01__apriltag-4__insta360-x5.mp4,241,213,298,True
assets/videos/gallery/box01__aruco-4__insight9.mp4,240,204,244,True
assets/videos/gallery/box01__aruco-4__insta360-x5.mp4,240,196,316,True
assets/videos/gallery/box02__table__insta360-x5.mp4,240,228,284,True
assets/videos/gallery/box02__apriltag-4__insta360-x5.mp4,240,176,196,True
assets/videos/gallery/box02__aruco-4__insta360-x5.mp4,241,241,489,True
assets/videos/gallery/grab-place01-t__table__insight9.mp4,240,76,76,True
assets/videos/gallery/grab-place01-t__table__insta360-x5.mp4,240,112,128,True
assets/videos/gallery/grab-place01-t__tablecloth__insta360-x5.mp4,240,164,228,True
assets/videos/gallery/grab-place01-t__apriltag-4__insta360-x5.mp4,240,220,316,True
assets/videos/gallery/grab-place01-t__aruco-4__insta360-x5.mp4,240,44,44,True
assets/videos/gallery/grab-place02-t__table__insta360-x5.mp4,240,132,152,True
assets/videos/gallery/grab-place02-t__tablecloth__insta360-x5.mp4,240,80,92,True
assets/videos/gallery/grab-place02-t__apriltag-4__insta360-x5.mp4,241,76,76,True
assets/videos/gallery/grab-place02-t__aruco-4__insta360-x5.mp4,241,96,112,True
assets/videos/gallery/grab-place03-t__table__insta360-x5.mp4,240,232,436,True
assets/videos/gallery/grab-place03-t__tablecloth__insta360-x5.mp4,240,176,196,True
assets/videos/gallery/grab-place03-t__apriltag-4__insta360-x5.mp4,241,201,233,True
assets/videos/gallery/grab-place03-t__aruco-4__insta360-x5.mp4,240,216,344,True
assets/videos/gallery/grab-place04__table__insta360-x5.mp4,240,164,244,True
assets/videos/gallery/grab-place04__apriltag-4__insta360-x5.mp4,240,164,212,True
assets/videos/gallery/grab-place04__aruco-4__insta360-x5.mp4,240,224,316,True
assets/videos/gallery/grab-place05__table__insta360-x5.mp4,240,216,376,True
assets/videos/gallery/grab-place05__apriltag-4__insta360-x5.mp4,240,188,376,True
assets/videos/gallery/grab-place05__aruco-4__insta360-x5.mp4,241,237,402,True
assets/videos/gallery/grab-place06-t__table__insta360-x5.mp4,240,240,424,True
assets/videos/gallery/grab-place06-t__tablecloth__insta360-x5.mp4,240,220,412,True
assets/videos/gallery/grab-place06-t__apriltag-4__insta360-x5.mp4,241,148,228,True
assets/videos/gallery/grab-place06-t__aruco-4__insta360-x5.mp4,240,228,428,True
assets/videos/gallery/wiping01__table__insta360-x5.mp4,240,240,712,True
assets/videos/gallery/wiping01__apriltag-4__insta360-x5.mp4,240,140,176,True
assets/videos/gallery/wiping01__aruco-4__insta360-x5.mp4,241,241,569,True
assets/videos/gallery/wiping02-1__table__insight9.mp4,240,48,48,True
assets/videos/gallery/wiping02-1__table__insta360-x5.mp4,241,241,290,True
assets/videos/gallery/wiping02-1__apriltag-1__insta360-x5.mp4,240,200,224,True
assets/videos/gallery/wiping02-1__apriltag-2__insta360-x5.mp4,240,160,180,True
assets/videos/gallery/wiping02-1__apriltag-4__insta360-x5.mp4,240,172,188,True
assets/videos/gallery/wiping02-1__aruco-1__insta360-x5.mp4,241,161,214,True
assets/videos/gallery/wiping02-1__aruco-2__insta360-x5.mp4,240,172,212,True
assets/videos/gallery/wiping02-1__aruco-4__insight9.mp4,240,92,92,True
assets/videos/gallery/wiping02-1__aruco-4__insta360-x5.mp4,240,164,200,True
